2, 0
13560, 93
13560, 92
13560, 92
13560, 92
13560, 92
13560, 92
13560, 92
13560, 92
13560, 92
13560, 93
13560, 92
13560, 92
13560, 92
13560, 92
13560, 92
13560, 92
13560, 92
13560, 92
13560, 93
13560, 92
13560, 92
13560, 92
13560, 92
13560, 93
13560, 92
13560, 92
13560, 92
13560, 92
13560, 93
13560, 92
13560, 92
13560, 93
13560, 92
13560, 92
13560, 92
13560, 92
13560, 92
13560, 93
13560, 92
13560, 92
13560, 92
13560, 92
13560, 92
13560, 93
13560, 93
13560, 92
13560, 92
13560, 93
13560, 92
13560, 92
13560, 93
13560, 92
13560, 92
13560, 9
13560, 92
13560, 92
13560, 92
13560, 93
13560, 92
13560, 92
13560, 92
13560, 93
13560, 94
13560, 92
13560, 92
13560, 92
13560, 92
13560, 39
13560, 93
13560, 92
13560, 93
13560, 92
13560, 92
13560, 92
13560, 94
13560, 92
13560, 92
13560, 93
13560, 92
13560, 92
13560, 92
13560, 92
13560, 93
13560, 56
13560, 94
13560, 92
13560, 92
13560, 93
13560, 92
13560, 92
13560, 93
13560, 92
13560, 92
13560, 92
13560, 93
13560, 92
13560, 92
13560, 92
13560, 92
13560, 92
13560, 92
13560, 92
13560, 93
13560, 92
13560, 92
13560, 92
13560, 92
13560, 94
13560, 92
13560, 93
13560, 92
13560, 92
13560, 93
13560, 92
13560, 92
13560, 92
13560, 92
13560, 92
13560, 93
13560, 92
13560, 92
13560, 93
13560, 92
13560, 94
13560, 92
13560, 93
13560, 93
13560, 92
13560, 93
13560, 93
13560, 92
